<?xml version="1.0" encoding="UTF-8"?>
<project-private xmlns="http://www.netbeans.org/ns/project-private/1">
    <editor-bookmarks xmlns="http://www.netbeans.org/ns/editor-bookmarks/2" lastBookmarkId="0"/>
    <open-files xmlns="http://www.netbeans.org/ns/projectui-open-files/2">
        <group>
            <file>file:/Users/user/Desktop/Teimur_ICT373_34684126_assignment2/JAvaFX_Customer/src/javafx_customer/MainView.fxml</file>
            <file>file:/Users/user/Desktop/Teimur_ICT373_34684126_assignment2/JAvaFX_Customer/src/javafx_customer/Customer_Address.java</file>
            <file>file:/Users/user/Desktop/Teimur_ICT373_34684126_assignment2/JAvaFX_Customer/src/javafx_customer/EmailService.java</file>
            <file>file:/Users/user/Desktop/Teimur_ICT373_34684126_assignment2/JAvaFX_Customer/src/javafx_customer/AssociateCustomer.java</file>
            <file>file:/Users/user/Desktop/Teimur_ICT373_34684126_assignment2/JAvaFX_Customer/src/javafx_customer/Supplement.java</file>
            <file>file:/Users/user/Desktop/Teimur_ICT373_34684126_assignment2/JAvaFX_Customer/src/javafx_customer/mainview.css</file>
            <file>file:/Users/user/Desktop/Teimur_ICT373_34684126_assignment2/JAvaFX_Customer/src/javafx_customer/Customer.java</file>
            <file>file:/Users/user/Desktop/Teimur_ICT373_34684126_assignment2/JAvaFX_Customer/src/javafx_customer/MainViewController.java</file>
            <file>file:/Users/user/Desktop/Teimur_ICT373_34684126_assignment2/JAvaFX_Customer/src/javafx_customer/PayingCustomer.java</file>
            <file>file:/Users/user/Desktop/Teimur_ICT373_34684126_assignment2/JAvaFX_Customer/src/javafx_customer/MagazineServiceApp.java</file>
            <file>file:/Users/user/Desktop/Teimur_ICT373_34684126_assignment2/JAvaFX_Customer/src/javafx_customer/Magazine.java</file>
            <file>file:/Users/user/Desktop/Teimur_ICT373_34684126_assignment2/JAvaFX_Customer/src/javafx_customer/PaymentMethod.java</file>
        </group>
    </open-files>
</project-private>
